source,section,rank,headline,link,collected_at_iso
Times of India,most_read,1,Gurgaon horror: DU student raped at birthday party; accused arrested,https://timesofindia.indiatimes.com/articleshow/129652445.cms,2026-03-20T10:48:14+00:00
Times of India,most_read,2,Why coconuts are not allowed on flights and the surprising reason behind it,https://timesofindia.indiatimes.com/articleshow/129682189.cms,2026-03-20T10:48:14+00:00
Times of India,most_read,3,Water motor led to blaze? 3 kids among 9 of family killed in Delhi's Palam building fire; 3 residents jump from top floors,https://timesofindia.indiatimes.com/articleshow/129668255.cms,2026-03-20T10:48:14+00:00
Times of India,most_read,4,Khandala trip turns fatal: 3 IIT-Bombay students die as SUV overturns on Mumbai-Pune Expressway,https://timesofindia.indiatimes.com/articleshow/129675085.cms,2026-03-20T10:48:14+00:00
Times of India,most_read,5,"Ras Laffan hit: Qatar's 17% LNG capacity gone, $20bn loss; which countries will be impacted?",https://timesofindia.indiatimes.com/articleshow/129693959.cms,2026-03-20T10:48:14+00:00
Times of India,most_read,6,Can a hospital typo get your insurance claim rejected?,https://timesofindia.indiatimes.com/articleshow/129625693.cms,2026-03-20T10:48:14+00:00
Times of India,most_read,7,"Bollywood-style jailbreak, but script failed: Inmate rats out fugitive after helping him escape",https://timesofindia.indiatimes.com/articleshow/129687061.cms,2026-03-20T10:48:14+00:00
Times of India,most_read,8,Rajasthan Royals cautioned over Sooryavanshi: Dravid-like mentor key this season,https://timesofindia.indiatimes.com/articleshow/129694509.cms,2026-03-20T10:48:14+00:00
Times of India,most_read,9,LPG crisis: India turns to US to secure supplies as Strait of Hormuz disruptions continue to bite,https://timesofindia.indiatimes.com/articleshow/129694582.cms,2026-03-20T10:48:14+00:00
Times of India,most_read,10,Is America already trapped in an unwinnable war with Iran?,https://timesofindia.indiatimes.com/articleshow/129672496.cms,2026-03-20T10:48:14+00:00
Times of India,most_read,11,Super Micro Computer employees charged for smuggling Nvidia chips to China,https://timesofindia.indiatimes.com/articleshow/129692487.cms,2026-03-20T10:48:14+00:00
Times of India,most_read,12,"Mohsin Naqvi’s PCB termed ‘weak’, accused of ‘kneeling before players’",https://timesofindia.indiatimes.com/articleshow/129691592.cms,2026-03-20T10:48:14+00:00
Times of India,most_read,13,'Dhurandhar: The Revenge’ inches close to Rs 150 crore,https://timesofindia.indiatimes.com/articleshow/129689998.cms,2026-03-20T10:48:14+00:00
Times of India,most_read,14,"Years after Zuckerberg called it 'the next frontier’, Meta shuts down Horizon Worlds",https://timesofindia.indiatimes.com/articleshow/129670288.cms,2026-03-20T10:48:14+00:00
Times of India,most_read,15,'World's first hit': Iran claims strike on US F-35 lightning 2 - why it's a big deal,https://timesofindia.indiatimes.com/articleshow/129692213.cms,2026-03-20T10:48:14+00:00
Times of India,most_read,16,'Destiny got me here': Samson on Dhoni as CSK drops 1st Sanju-MSD video | Watch,https://timesofindia.indiatimes.com/articleshow/129693699.cms,2026-03-20T10:48:14+00:00
Times of India,most_read,17,Florida man loses US citizenship over $3.8 million Covid-19 relief fraud scheme; may face deportation,https://timesofindia.indiatimes.com/articleshow/129680119.cms,2026-03-20T10:48:14+00:00
Times of India,most_read,18,"R Madhavan reacts to Allu Arjun’s Dhurandhar 2: The Revenge review: ‘I’m humbled, touched and hyper motivated’",https://timesofindia.indiatimes.com/articleshow/129665961.cms,2026-03-20T10:48:14+00:00
Times of India,most_read,19,"UAE, Saudi Arabia, Kuwait, Qatar and Bahrain announces official start date of Eid Al Fitr 2026",https://timesofindia.indiatimes.com/articleshow/129670971.cms,2026-03-20T10:48:14+00:00
Times of India,most_read,20,"Stock market crash erases Rs 11 lakh crore investors’ wealth! Sensex ends around 2,500 points down - top reasons for fall",https://timesofindia.indiatimes.com/articleshow/129669665.cms,2026-03-20T10:48:14+00:00
Times of India,most_read,21,"Perplexity AI CEO Aravind Srinivas, who once made $30 billion-plus offer to buy Google Chrome browser, now says: Google search does a much better job than anyone else in the world",https://timesofindia.indiatimes.com/articleshow/129674599.cms,2026-03-20T10:48:14+00:00
Times of India,most_read,22,‘Israel violently lashed out’: Trump says US ‘knew nothing’ of South Pars gas field strike; warns Iran after Qatar LNG hub hit,https://timesofindia.indiatimes.com/articleshow/129669127.cms,2026-03-20T10:48:14+00:00
Times of India,most_read,23,5 simple yet powerful parenting lessons Aishwarya Rai Bachchan shows through action,https://timesofindia.indiatimes.com/articleshow/129670442.cms,2026-03-20T10:48:14+00:00
Times of India,most_read,24,"Pakistan's Ahmed Shehzad compares IPL with PSL, calls it retired cricketers’ league",https://timesofindia.indiatimes.com/articleshow/129675906.cms,2026-03-20T10:48:14+00:00
Times of India,most_read,25,Trump-Netanyahu split out in open? Intel chief says Israel's goals in Iran not same as US,https://timesofindia.indiatimes.com/articleshow/129681850.cms,2026-03-20T10:48:14+00:00
Times of India,most_read,26,Daisy Shah hopes Palaash Muchhal and Smriti Mandhana get back together after their cancelled wedding: ‘They make a lovely pair’,https://timesofindia.indiatimes.com/articleshow/129665490.cms,2026-03-20T10:48:14+00:00
Times of India,most_read,27,US F-35 struck by Iranian fire? Jet makes emergency landing; IRGC releases video,https://timesofindia.indiatimes.com/articleshow/129683503.cms,2026-03-20T10:48:14+00:00
Times of India,most_read,28,Pakistan's Akhtar revives Mohammad Amir fixing memory with huge no-ball,https://timesofindia.indiatimes.com/articleshow/129661381.cms,2026-03-20T10:48:14+00:00
Times of India,most_read,29,'Uncontrollable consequence': Iran hits Saudi's Aramco and Kuwait refinery following Israel attack on South Pars,https://timesofindia.indiatimes.com/articleshow/129675622.cms,2026-03-20T10:48:14+00:00
Times of India,most_read,30,'I’ve stopped drinking': Star India player's honest admission before IPL 2026,https://timesofindia.indiatimes.com/articleshow/129669994.cms,2026-03-20T10:48:14+00:00
Times of India,most_read,31,"‘Russia driving wedge’: Kyiv denies anti-India plot, seeks fair probe into detention of 6 Ukrainians",https://timesofindia.indiatimes.com/articleshow/129679428.cms,2026-03-20T10:48:14+00:00
Times of India,most_read,32,‘Trust completely shattered’: Saudi Arabia warns Iran of military retaliation after wave of Gulf attacks,https://timesofindia.indiatimes.com/articleshow/129668802.cms,2026-03-20T10:48:14+00:00
Times of India,most_read,33,Israel bombs South Pars: Why does this gas field matter so much to Iran — and the world?,https://timesofindia.indiatimes.com/articleshow/129670355.cms,2026-03-20T10:48:14+00:00
Times of India,most_read,34,"Rajpal Yadav does not want to setttle Rs 9 crore debt, he wants to argue the case, says the actor's lawyer",https://timesofindia.indiatimes.com/articleshow/129678590.cms,2026-03-20T10:48:14+00:00
Times of India,most_read,35,India to buy LPG from Russia? MEA says will ensure 'people's fuel needs are met',https://timesofindia.indiatimes.com/articleshow/129680313.cms,2026-03-20T10:48:14+00:00
Times of India,most_read,36,"Qatar expels Iranian military, security attachés and staff after strikes on key energy facilities",https://timesofindia.indiatimes.com/articleshow/129668150.cms,2026-03-20T10:48:14+00:00
Times of India,most_read,37,"PM Narendra Modi's scenes in Ranveer Singh's 'Dhurandhar: The Revenge' make crowds whistle, clap, hoot, VIDEOS go viral",https://timesofindia.indiatimes.com/articleshow/129678289.cms,2026-03-20T10:48:14+00:00
Times of India,most_read,38,"Watch: Uprooted trees to flying chairs, Pakistan sees widespread destruction due to storm; 21 dead in Karachi",https://timesofindia.indiatimes.com/articleshow/129671773.cms,2026-03-20T10:48:14+00:00
Times of India,most_read,39,Israel notified US ahead of strike at South Pars gas field; Washington opted out: Report,https://timesofindia.indiatimes.com/articleshow/129668118.cms,2026-03-20T10:48:14+00:00
Times of India,most_read,40,"Just 350m away! Projectile strikes near Bushehr nuclear reactor, IAEA flags near miss",https://timesofindia.indiatimes.com/articleshow/129673828.cms,2026-03-20T10:48:14+00:00
Times of India,most_read,41,"Gold price today: Yellow metal plunges over Rs 3,600; check 24K, 22K city-wise rates in Delhi, Mumbai, Pune and more",https://timesofindia.indiatimes.com/articleshow/129677064.cms,2026-03-20T10:48:14+00:00
Times of India,most_read,42,'Riot-like conditions': Rahul Gandhi targets BJP over Delhi Eid violence fear; HC orders police to amp up security,https://timesofindia.indiatimes.com/articleshow/129678720.cms,2026-03-20T10:48:14+00:00
Times of India,most_read,43,"Multiple drones spotted over US army base housing top officials including Marco Rubio, Pete Hegseth",https://timesofindia.indiatimes.com/articleshow/129669673.cms,2026-03-20T10:48:14+00:00
Times of India,most_read,44,Israel’s AI major in $11 million deal with Indian company to make UAVs locally,https://timesofindia.indiatimes.com/articleshow/129668268.cms,2026-03-20T10:48:14+00:00
Times of India,most_read,45,Delhi NCR Rain,https://timesofindia.indiatimes.com/articleshow/129690292.cms,2026-03-20T10:48:14+00:00
Times of India,most_read,46,Phuket Bengaluru Aircraft,https://timesofindia.indiatimes.com/articleshow/129690653.cms,2026-03-20T10:48:14+00:00
Times of India,most_read,47,Iran Strike on Qatar LNG,https://timesofindia.indiatimes.com/articleshow/129683074.cms,2026-03-20T10:48:14+00:00
Times of India,most_read,48,Auston Matthews Injury,https://timesofindia.indiatimes.com/articleshow/129690714.cms,2026-03-20T10:48:14+00:00
Times of India,most_read,49,Dell Curry Net Worth,https://timesofindia.indiatimes.com/articleshow/129690846.cms,2026-03-20T10:48:14+00:00
Times of India,most_read,50,Bank Holiday Today,https://timesofindia.indiatimes.com/articleshow/129693668.cms,2026-03-20T10:48:14+00:00
Times of India,most_read,51,KVS Admission Registration,https://timesofindia.indiatimes.com/articleshow/129694118.cms,2026-03-20T10:48:14+00:00
Times of India,most_read,52,Iran Karaj Missile Plant,https://timesofindia.indiatimes.com/articleshow/129691173.cms,2026-03-20T10:48:14+00:00
Times of India,most_read,53,Qatar's Ras Laffan,https://timesofindia.indiatimes.com/articleshow/129682405.cms,2026-03-20T10:48:14+00:00
Times of India,most_read,54,Israel Largest Oil Refinery,https://timesofindia.indiatimes.com/articleshow/129691118.cms,2026-03-20T10:48:14+00:00
Times of India,most_read,55,Asian Stocks Today,https://timesofindia.indiatimes.com/articleshow/129694462.cms,2026-03-20T10:48:14+00:00
Times of India,most_read,56,RBSE Class 10 Result,https://timesofindia.indiatimes.com/articleshow/129694657.cms,2026-03-20T10:48:14+00:00
Times of India,most_read,57,US Stock Market Today,https://timesofindia.indiatimes.com/articleshow/129683779.cms,2026-03-20T10:48:14+00:00
Times of India,most_read,58,Eid Mubarak Wishes,https://timesofindia.indiatimes.com/articleshow/129651803.cms,2026-03-20T10:48:14+00:00
Times of India,most_read,59,Dhurandhar2 Box Office Collection,https://timesofindia.indiatimes.com/articleshow/129673426.cms,2026-03-20T10:48:14+00:00
Times of India,most_read,60,Dhurandhar 2 OTT,https://timesofindia.indiatimes.com/articleshow/129678589.cms,2026-03-20T10:48:14+00:00
Times of India,most_read,61,Ustaad Bhagat Singh Collection,https://timesofindia.indiatimes.com/articleshow/129689893.cms,2026-03-20T10:48:14+00:00
Times of India,most_read,62,Garima Malhotra Death,https://timesofindia.indiatimes.com/articleshow/129684659.cms,2026-03-20T10:48:14+00:00
Times of India,most_read,63,Eid ul Fitr 2026 Hindi Shayari,https://timesofindia.indiatimes.com/articleshow/129677445.cms,2026-03-20T10:48:14+00:00
Times of India,most_read,64,Panchayat Season 5,https://timesofindia.indiatimes.com/articleshow/129685688.cms,2026-03-20T10:48:14+00:00
Times of India,most_read,65,Eid 2026 Date,https://timesofindia.indiatimes.com/articleshow/129676849.cms,2026-03-20T10:48:14+00:00
Times of India,most_read,66,Venus Enters Aries,https://timesofindia.indiatimes.com/articleshow/129694868.cms,2026-03-20T10:48:14+00:00
Times of India,most_read,67,Eid Mehndi Designs,https://timesofindia.indiatimes.com/articleshow/129631134.cms,2026-03-20T10:48:14+00:00
Times of India,most_read,68,Youth Twitter Review,https://timesofindia.indiatimes.com/articleshow/129671694.cms,2026-03-20T10:48:14+00:00
Times of India,most_read,69,Eid 2026 Moon Sighting Timings,https://timesofindia.indiatimes.com/articleshow/129623899.cms,2026-03-20T10:48:14+00:00
Times of India,most_read,70,Tata Sierra Bncap Crash Test,https://timesofindia.indiatimes.com/articleshow/129672493.cms,2026-03-20T10:48:14+00:00
Times of India,most_read,71,Indian Cobra VS Egyptian Cobra,https://timesofindia.indiatimes.com/articleshow/129376134.cms,2026-03-20T10:48:14+00:00
Times of India,most_read,72,Haridwar Rape Case,https://timesofindia.indiatimes.com/articleshow/129685100.cms,2026-03-20T10:48:14+00:00
Times of India,most_read,73,gang shoots man dead Delhi,https://timesofindia.indiatimes.com/articleshow/129689867.cms,2026-03-20T10:48:14+00:00
Times of India,most_read,74,IIT Bombay students accident,https://timesofindia.indiatimes.com/articleshow/129685810.cms,2026-03-20T10:48:14+00:00
Times of India,most_read,75,Meat banned in uttarakhand,https://timesofindia.indiatimes.com/articleshow/129685238.cms,2026-03-20T10:48:14+00:00
Times of India,most_read,76,Kolkata lpg smuggling,https://timesofindia.indiatimes.com/articleshow/129690455.cms,2026-03-20T10:48:14+00:00
Times of India,most_read,77,Badshah New Song,https://timesofindia.indiatimes.com/articleshow/129684688.cms,2026-03-20T10:48:14+00:00
Times of India,most_read,78,RG kar victim,https://timesofindia.indiatimes.com/articleshow/129681713.cms,2026-03-20T10:48:14+00:00
Times of India,most_read,79,Assam elections new candidates,https://timesofindia.indiatimes.com/articleshow/129685867.cms,2026-03-20T10:48:14+00:00
Times of India,most_read,80,MLA nihar ranjan das,https://timesofindia.indiatimes.com/articleshow/129685868.cms,2026-03-20T10:48:14+00:00
Times of India,most_read,81,Jaipur truck driver,https://timesofindia.indiatimes.com/articleshow/129687078.cms,2026-03-20T10:48:14+00:00
Times of India,most_read,82,Madhya Pradesh fossil,https://timesofindia.indiatimes.com/articleshow/129686976.cms,2026-03-20T10:48:14+00:00
Times of India,most_read,83,Lucknow murder by in laws,https://timesofindia.indiatimes.com/articleshow/129687159.cms,2026-03-20T10:48:14+00:00
Times of India,most_read,84,Uttam Nagar Peace,https://timesofindia.indiatimes.com/articleshow/129689815.cms,2026-03-20T10:48:14+00:00
Times of India,most_read,85,Megan Thee Stallion,https://timesofindia.indiatimes.com/articleshow/129687792.cms,2026-03-20T10:48:14+00:00
Times of India,most_read,86,YouTube Messaging Feature,https://timesofindia.indiatimes.com/articleshow/129664892.cms,2026-03-20T10:48:14+00:00
Times of India,most_read,87,US Senator Elizabeth Warren,https://timesofindia.indiatimes.com/articleshow/129672596.cms,2026-03-20T10:48:14+00:00
Times of India,most_read,88,Quote of the day by Priyanka Chopra: ‘Grief will have a duration in which it will become your companion and you have to…’,https://timesofindia.indiatimes.com/articleshow/129695280.cms,2026-03-20T10:48:14+00:00
Times of India,most_read,89,Anarkali vs Sharara vs Gharara: The ONE Eid outfit everyone will be wearing in 2026,https://timesofindia.indiatimes.com/articleshow/129695211.cms,2026-03-20T10:48:14+00:00
Times of India,most_read,90,Nobel Peace Prize awardee Kailash Satyarthi's book Karuna: The Power of Compassion released,https://timesofindia.indiatimes.com/articleshow/129695166.cms,2026-03-20T10:48:14+00:00
Times of India,most_read,91,I don’t think there is any connection between weight and acting: Urvashi Upadhyay,https://timesofindia.indiatimes.com/articleshow/129695189.cms,2026-03-20T10:48:14+00:00
Times of India,most_read,92,"Delhi EV policy 2.0 explained: 100% road tax waiver till 2030, up to Rs 1 lakh benefit!",https://timesofindia.indiatimes.com/articleshow/129695148.cms,2026-03-20T10:48:14+00:00
Times of India,most_read,93,Birds are developing a ‘cigarette habit’: Scientists reveal the surprising reason,https://timesofindia.indiatimes.com/articleshow/129695019.cms,2026-03-20T10:48:14+00:00
Times of India,most_read,94,"No Swiggy, no Zomato, no maids: Gurgaon society RWA lists 260 defaulters, warns of curbs over Rs 40 lakh dues",https://timesofindia.indiatimes.com/articleshow/129694845.cms,2026-03-20T10:48:14+00:00
Times of India,most_read,95,IPL 2026: 5 players Rajasthan Royals could target as replacements for Sam Curran,https://timesofindia.indiatimes.com/articleshow/129694956.cms,2026-03-20T10:48:14+00:00
Times of India,most_read,96,"TOISA 2025: University, academies, infrastructure drive new sports culture in UP",https://timesofindia.indiatimes.com/articleshow/129694971.cms,2026-03-20T10:48:14+00:00
Times of India,most_read,97,"Tamil Nadu polls: T T V Dhinakaran, Anbumani Ramadoss in Delhi for seat sharing; EPS says deal in 4 days",https://timesofindia.indiatimes.com/articleshow/129694888.cms,2026-03-20T10:48:14+00:00
Times of India,most_read,98,Middle East flights on watch: How avoiding major airspaces in West Asia may impact travellers,https://timesofindia.indiatimes.com/articleshow/129694872.cms,2026-03-20T10:48:14+00:00
Times of India,most_read,99,This international singer we grew up listening is washing dishes and why people are adoring him even more,https://timesofindia.indiatimes.com/articleshow/129691648.cms,2026-03-20T10:48:14+00:00
Times of India,most_read,100,From 'Baahubali' to Allu Arjun's 'Pushpa': Films that transformed Tollywood into a pan-India powerhouse,https://timesofindia.indiatimes.com/articleshow/129690417.cms,2026-03-20T10:48:14+00:00
Times of India,most_read,101,Ishita Dutta and Vatsal Sheth celebrate Gudi Padwa with a unique twist,https://timesofindia.indiatimes.com/articleshow/129695029.cms,2026-03-20T10:48:14+00:00
Times of India,most_read,102,Bombay high court upholds PMC Bank-amalgamation with Unity Bank,https://timesofindia.indiatimes.com/articleshow/129694772.cms,2026-03-20T10:48:14+00:00
Times of India,most_read,103,Meet the A-10 Warthog: America’s 30mm 'tank killer' hunting Iranian mine-laying vessels in Strait of Hormuz,https://timesofindia.indiatimes.com/articleshow/129693459.cms,2026-03-20T10:48:14+00:00
Times of India,trending,1,etimesThousands of Chestnut‑headed Bee‑eaters paint the sky vivid in Anamalai in a viral ‘natural orchestra’ clipA recent video from Anamalai Tiger Reserve in Tamil Nadu shows thousands of Chestnut-headed Bee-eaters gathering. The birds created a stunning aerial formation before roosting together. This spectacle highlights their survival strategy of grouping for safety. Wildlife experts note their ecological role in controlling insect populations. The event serves as a reminder of nature's beauty and collective resilience.,https://timesofindia.indiatimes.com/articleshow/129696603.cms,2026-03-20T10:48:14+00:00
Times of India,trending,2,etimesWhat is DarkSword? The latest malware that could hit iPhones above THIS version and how to stay protected from it?,https://timesofindia.indiatimes.com/articleshow/129696446.cms,2026-03-20T10:48:14+00:00
Times of India,trending,3,etimesPacking pillows for 'Dhurandhar 2': Hilarious memes light up social media as fans roast 'Dhurandhar: The Revenge' for 4-hour runtime and more,https://timesofindia.indiatimes.com/articleshow/129692025.cms,2026-03-20T10:48:14+00:00
Times of India,trending,4,"etimesNo smoking, no Indian sign spotted in Vietnam: Indian tourists claim racism in Vietnam after viral video shows them denied entryA viral video from Vietnam shows Indian tourists claiming they were denied entry to restaurants due to their nationality, sparking a debate on discrimination abroad. The clip highlights alleged racism, with one sign reportedly stating 'No Indian,' prompting discussions on traveler treatment and behavior.",https://timesofindia.indiatimes.com/articleshow/129694665.cms,2026-03-20T10:48:14+00:00
Times of India,trending,5,"etimesWinter in March? Kashmir sees fresh snow while Karnataka turns white with rare snow-like hailstorm hailstormIndia is experiencing unusual winter-like weather in mid-March, with snowfall in Kashmir and a rare snow-like hailstorm in Karnataka. This 'weather whiplash' follows a dry and hot February, with the IMD forecasting erratic conditions across the country until March 20.",https://timesofindia.indiatimes.com/articleshow/129694194.cms,2026-03-20T10:48:14+00:00
Times of India,trending,6,England Cricket Team,https://timesofindia.indiatimes.com/articleshow/129684199.cms,2026-03-20T10:48:14+00:00
Times of India,trending,7,IIT Bombay Students Accident,https://timesofindia.indiatimes.com/articleshow/129685810.cms,2026-03-20T10:48:14+00:00
Times of India,trending,8,Qatar LNG Attack,https://timesofindia.indiatimes.com/articleshow/129683074.cms,2026-03-20T10:48:14+00:00
Times of India,trending,9,Petrol Price Hike,https://timesofindia.indiatimes.com/articleshow/129697078.cms,2026-03-20T10:48:14+00:00
Times of India,trending,10,Iran Attack Qatar Ras Laffan,https://timesofindia.indiatimes.com/articleshow/129693959.cms,2026-03-20T10:48:14+00:00
Times of India,trending,11,"Happy Eid-ul-Fitr 2026: Best Eid Mubarak Messages, Quotes, Wishes, and Images to share on Eid-ul-Fitr",https://timesofindia.indiatimes.com/articleshow/129628076.cms,2026-03-20T10:48:14+00:00
Times of India,trending,12,"What is wrong with America's morals? New Pew study reveals shocking views on homosexuality, abortion, cheating and more",https://timesofindia.indiatimes.com/articleshow/129696752.cms,2026-03-20T10:48:14+00:00
Times of India,trending,13,"Happy Eid-ul-Fitr 2026: Eid Mubarak Wishes, Messages, Quotes, and Images for Sharing on Facebook and WhatsApp",https://timesofindia.indiatimes.com/articleshow/129680487.cms,2026-03-20T10:48:14+00:00
Times of India,trending,14,Players say this Red Dead Redemption 2 trick unlocks Guarma again; here’s how,https://timesofindia.indiatimes.com/articleshow/129683642.cms,2026-03-20T10:48:14+00:00
Times of India,trending,15,"This ‘futuristic’ village in Maharashtra offers water ATMs, gym, clean roads and modern facilities",https://timesofindia.indiatimes.com/articleshow/129682241.cms,2026-03-20T10:48:14+00:00
Times of India,trending,16,Man cooks curry with immersion rod amid LPG shortage; internet roasts ‘Minto ka kaam ghanto main’,https://timesofindia.indiatimes.com/articleshow/129682074.cms,2026-03-20T10:48:14+00:00
Times of India,trending,17,Watch: Red Bull F1 car gets traditional Indian aarti and ‘nimbu mirchi’ ritual in viral clip,https://timesofindia.indiatimes.com/articleshow/129679725.cms,2026-03-20T10:48:14+00:00
Times of India,trending,18,"Eid 2026 Moon Sighting Timings: From Delhi to Chennai, Mumbai to Kolkata - Full city timings inside",https://timesofindia.indiatimes.com/articleshow/129679972.cms,2026-03-20T10:48:14+00:00
Times of India,trending,19,Watch: Sloth bear vs tigress? Unusual moment caught at Pilibhit Tiger Reserve,https://timesofindia.indiatimes.com/articleshow/129679367.cms,2026-03-20T10:48:14+00:00
Times of India,trending,20,"“Ye toh tandoor me bana raha hai, gas ka kya kaam hai?” – Customer’s question goes viral amid LPG shortage",https://timesofindia.indiatimes.com/articleshow/129677879.cms,2026-03-20T10:48:14+00:00
Times of India,trending,21,'F-35 a symbol of US military arrogance': Iran calls damage to aircraft 'collapse of an order',https://timesofindia.indiatimes.com/articleshow/129696808.cms,2026-03-20T10:48:14+00:00
Times of India,trending,22,Safe passage for $2m? Iran sets up 'corridor' for ships to transit Strait of Hormuz,https://timesofindia.indiatimes.com/articleshow/129696419.cms,2026-03-20T10:48:14+00:00
Times of India,trending,23,'Corruption in judiciary' row: Centre forms panel to rewrite NCERT class 8 chapter,https://timesofindia.indiatimes.com/articleshow/129698103.cms,2026-03-20T10:48:14+00:00
Times of India,trending,24,Delhi NCR Rain,https://timesofindia.indiatimes.com/articleshow/129690292.cms,2026-03-20T10:48:14+00:00
Times of India,trending,25,LPG Crisis India,https://timesofindia.indiatimes.com/articleshow/129694582.cms,2026-03-20T10:48:14+00:00
Times of India,trending,26,India Canada Relations,https://timesofindia.indiatimes.com/articleshow/129696760.cms,2026-03-20T10:48:14+00:00
Times of India,trending,27,Bank Holiday Today,https://timesofindia.indiatimes.com/articleshow/129693668.cms,2026-03-20T10:48:14+00:00
Times of India,trending,28,KVS Admission Registration,https://timesofindia.indiatimes.com/articleshow/129694118.cms,2026-03-20T10:48:14+00:00
Times of India,trending,29,Iran Karaj Missile Plant,https://timesofindia.indiatimes.com/articleshow/129691173.cms,2026-03-20T10:48:14+00:00
Times of India,trending,30,Qatar's Ras Laffan,https://timesofindia.indiatimes.com/articleshow/129682405.cms,2026-03-20T10:48:14+00:00
Times of India,trending,31,Israel Largest Oil Refinery,https://timesofindia.indiatimes.com/articleshow/129691118.cms,2026-03-20T10:48:14+00:00
Times of India,trending,32,Asian Stocks Today,https://timesofindia.indiatimes.com/articleshow/129694462.cms,2026-03-20T10:48:14+00:00
Times of India,trending,33,RBSE Class 10 Result,https://timesofindia.indiatimes.com/articleshow/129694657.cms,2026-03-20T10:48:14+00:00
Times of India,trending,34,Dhurandhar 2 Box Office Collection,https://timesofindia.indiatimes.com/articleshow/129694826.cms,2026-03-20T10:48:14+00:00
Times of India,trending,35,Eid Mubarak Wishes,https://timesofindia.indiatimes.com/articleshow/129651803.cms,2026-03-20T10:48:14+00:00
Times of India,trending,36,Dhurandhar 2 OTT,https://timesofindia.indiatimes.com/articleshow/129678589.cms,2026-03-20T10:48:14+00:00
Times of India,trending,37,Ustaad Bhagat Singh Collection,https://timesofindia.indiatimes.com/articleshow/129689893.cms,2026-03-20T10:48:14+00:00
Times of India,trending,38,Garima Malhotra Death,https://timesofindia.indiatimes.com/articleshow/129684659.cms,2026-03-20T10:48:14+00:00
Times of India,trending,39,Eid ul Fitr 2026 Hindi Shayari,https://timesofindia.indiatimes.com/articleshow/129677445.cms,2026-03-20T10:48:14+00:00
Times of India,trending,40,Panchayat Season 5,https://timesofindia.indiatimes.com/articleshow/129685688.cms,2026-03-20T10:48:14+00:00
Times of India,trending,41,Eid 2026 Date,https://timesofindia.indiatimes.com/articleshow/129676849.cms,2026-03-20T10:48:14+00:00
Times of India,trending,42,Venus Enters Aries,https://timesofindia.indiatimes.com/articleshow/129694868.cms,2026-03-20T10:48:14+00:00
Times of India,trending,43,Youth Twitter Review,https://timesofindia.indiatimes.com/articleshow/129671694.cms,2026-03-20T10:48:14+00:00
Times of India,trending,44,Aishwarya Rai Parenting Lessons,https://timesofindia.indiatimes.com/articleshow/129670442.cms,2026-03-20T10:48:14+00:00
Times of India,trending,45,Eid 2026 Moon Sighting Timings,https://timesofindia.indiatimes.com/articleshow/129623899.cms,2026-03-20T10:48:14+00:00
Times of India,trending,46,World Largest Network Botnets,https://timesofindia.indiatimes.com/articleshow/129697142.cms,2026-03-20T10:48:14+00:00
Times of India,trending,47,Skoda Kushaq Facelift,https://timesofindia.indiatimes.com/articleshow/129696876.cms,2026-03-20T10:48:14+00:00
Times of India,trending,48,Haridwar Rape Case,https://timesofindia.indiatimes.com/articleshow/129685100.cms,2026-03-20T10:48:14+00:00
Times of India,trending,49,Meat banned in uttarakhand,https://timesofindia.indiatimes.com/articleshow/129685238.cms,2026-03-20T10:48:14+00:00
Times of India,trending,50,Bengaluru Bike Crash,https://timesofindia.indiatimes.com/articleshow/129696907.cms,2026-03-20T10:48:14+00:00
Times of India,trending,51,Kolkata lpg smuggling,https://timesofindia.indiatimes.com/articleshow/129690455.cms,2026-03-20T10:48:14+00:00
Times of India,trending,52,Badshah New Song,https://timesofindia.indiatimes.com/articleshow/129684688.cms,2026-03-20T10:48:14+00:00
Times of India,trending,53,RG kar victim,https://timesofindia.indiatimes.com/articleshow/129681713.cms,2026-03-20T10:48:14+00:00
Times of India,trending,54,Assam elections new candidates,https://timesofindia.indiatimes.com/articleshow/129685867.cms,2026-03-20T10:48:14+00:00
Times of India,trending,55,MLA nihar ranjan das,https://timesofindia.indiatimes.com/articleshow/129685868.cms,2026-03-20T10:48:14+00:00
Times of India,trending,56,Jaipur truck driver,https://timesofindia.indiatimes.com/articleshow/129687078.cms,2026-03-20T10:48:14+00:00
Times of India,trending,57,Madhya Pradesh fossil,https://timesofindia.indiatimes.com/articleshow/129686976.cms,2026-03-20T10:48:14+00:00
Times of India,trending,58,Lucknow murder by in laws,https://timesofindia.indiatimes.com/articleshow/129687159.cms,2026-03-20T10:48:14+00:00
Times of India,trending,59,Uttam Nagar Peace,https://timesofindia.indiatimes.com/articleshow/129689815.cms,2026-03-20T10:48:14+00:00
Times of India,trending,60,Megan Thee Stallion,https://timesofindia.indiatimes.com/articleshow/129687792.cms,2026-03-20T10:48:14+00:00
Times of India,trending,61,YouTube Messaging Feature,https://timesofindia.indiatimes.com/articleshow/129664892.cms,2026-03-20T10:48:14+00:00
Times of India,trending,62,Openai Acquires Astral,https://timesofindia.indiatimes.com/articleshow/129683748.cms,2026-03-20T10:48:14+00:00
Times of India,trending,63,Oppo k14Vs Oppo a6s,https://timesofindia.indiatimes.com/articleshow/129694687.cms,2026-03-20T10:48:14+00:00
Times of India,trending,64,"Microsoft launches its second generation AI-photo maker, ranks third after…",https://timesofindia.indiatimes.com/articleshow/129698300.cms,2026-03-20T10:48:14+00:00
Times of India,trending,65,"Gold price today (March 20, 2026): How much 24K, 22K gold costs in Delhi, Hyderbad, Chennai & more - check rates",https://timesofindia.indiatimes.com/articleshow/129698239.cms,2026-03-20T10:48:14+00:00
Times of India,trending,66,What is Llanfairpwllgwyngyllgogerychwyrndrobwllllantysiliogogogoch: The 58-letter UK village famous for Europe’s longest name and its unique landmarks,https://timesofindia.indiatimes.com/articleshow/129697304.cms,2026-03-20T10:48:14+00:00
Times of India,trending,67,‘O Romeo’ OTT release date confirmed: When and where to stream Shahid Kapoor’s gangster drama,https://timesofindia.indiatimes.com/articleshow/129698207.cms,2026-03-20T10:48:14+00:00
Times of India,trending,68,Gudi Padwa leads Hindu new year festivities; nationalistic fervour on display,https://timesofindia.indiatimes.com/articleshow/129698106.cms,2026-03-20T10:48:14+00:00
Times of India,trending,69,"AB de Villiers reveals ‘naughty’ desire in his, Virat Kohli’s career downfall",https://timesofindia.indiatimes.com/articleshow/129697225.cms,2026-03-20T10:48:14+00:00
Times of India,trending,70,Cosmetic tweaks are Gen Z's latest obsession,https://timesofindia.indiatimes.com/articleshow/129697512.cms,2026-03-20T10:48:14+00:00
Times of India,trending,71,Satinder Sartaaj celebrates ‘Jaiye Sajana’ success as 'Dhurandhar: The Revenge' smashes box office records,https://timesofindia.indiatimes.com/articleshow/129698050.cms,2026-03-20T10:48:14+00:00
Times of India,trending,72,Dhurandhar: The Revenge screening sees audience support despite delay,https://timesofindia.indiatimes.com/articleshow/129698010.cms,2026-03-20T10:48:14+00:00
Times of India,trending,73,Ram Charan celebrates Chiranjeevi’s NTR National Award win: 'This recognition feels very special',https://timesofindia.indiatimes.com/articleshow/129697906.cms,2026-03-20T10:48:14+00:00
Times of India,trending,74,"The 50: ""Life mein kuch bada ya chota nahi hota"" Riddhi Dogra reminisces what her Jawan co-star Shahrukh Khan shared",https://timesofindia.indiatimes.com/articleshow/129696881.cms,2026-03-20T10:48:14+00:00
Times of India,trending,75,Catholic bishops demand 'withdrawal or revision' of Maharashtra's new anti-conversion law,https://timesofindia.indiatimes.com/articleshow/129697529.cms,2026-03-20T10:48:14+00:00
Times of India,trending,76,Shaping future leaders through excellence in education: National Public School ITPL & National Public School NORTH,https://timesofindia.indiatimes.com/articleshow/129697666.cms,2026-03-20T10:48:14+00:00
Times of India,trending,77,Ranveer Singh's ‘Sher-e-Baloch’ song from 'Dhurandhar The Revenge is Khaled’s iconic ‘Didi’ track that replaces ‘FA9LA’,https://timesofindia.indiatimes.com/articleshow/129697759.cms,2026-03-20T10:48:14+00:00
Times of India,trending,78,'Dhurandhar mahotsav ho raha hai': Danish Pandor calls this Eid extra special amid ‘Dhurandhar: The Revenge’ success,https://timesofindia.indiatimes.com/articleshow/129697641.cms,2026-03-20T10:48:14+00:00
NDTV,most_read,1,Three 'Fatal' Assumptions That Have Derailed Trump's Iran War,https://www.ndtv.com/opinion/iran-israel-war-three-fatal-assumptions-that-have-derailed-trumps-iran-war-11242740,2026-03-20T10:48:14+00:00
NDTV,most_read,2,"Premium Petrol Price Up By Rs 2, Cost Of Normal Petrol Stays Unchanged",https://www.ndtv.com/india-news/power-petrol-price-up-by-rs-2-price-of-normal-petrol-remains-unchanged-11242586,2026-03-20T10:48:14+00:00
NDTV,most_read,3,"Maharashtra Official Seen In Pics With Rape-Accused Astrologer, Row Erupts",https://www.ndtv.com/india-news/ashok-kharat-nashik-maharashtra-womens-panel-chief-seen-in-pics-with-rape-accused-astrologer-11242536,2026-03-20T10:48:14+00:00
NDTV,most_read,4,'Indirect Yet Palpable': Iran War's Impact On Real Estate In Mumbai,https://www.ndtv.com/india-news/indirect-yet-palpable-iran-wars-impact-on-real-estate-in-mumbai-11242516,2026-03-20T10:48:14+00:00
NDTV,most_read,5,"Eid ul Fitr LIVE: Celebrations In Saudi Arabia, UAE Dampened By Iran War",https://www.ndtv.com/world-news/eid-al-fitr-2026-live-updates-moon-sighting-date-time-moonrise-date-and-timings-in-saudi-arabia-uae-india-eid-timings-in-india-iran-war-middle-east-11242400,2026-03-20T10:48:14+00:00
NDTV,most_read,6,"CTET February 2026 Result: Scorecard, Final Answer Key Likely To Be Out Soon",https://www.ndtv.com/education/ctet-february-2026-result-scorecard-final-answer-key-likely-to-be-released-soon-details-here-11242594,2026-03-20T10:48:14+00:00
NDTV,most_read,7,"Rajasthan Board Class 10 Result 2026: Check Official Websites, Direct Link Here",https://www.ndtv.com/education/rajasthan-board-class-10-result-2026-check-official-websites-direct-link-to-download-here-11242327,2026-03-20T10:48:14+00:00
NDTV,most_read,8,"SSC CHSL Tier 1 Result 2025: Scorecard, Final Answer Key Out, Download Here",https://www.ndtv.com/education/ssc-chsl-tier-1-result-2025-scorecard-final-answer-key-response-sheet-out-download-here-11242085,2026-03-20T10:48:14+00:00
NDTV,most_read,9,"Rajasthan Class 10 Result: Will It Be Declared Along With 5th, 8th Results",https://www.ndtv.com/education/rbse-rajasthan-class-10-result-2026-will-it-be-declared-along-with-5th-and-8th-results-11241929,2026-03-20T10:48:14+00:00
NDTV,most_read,10,"Only 29% Of Noida Schools Achieve NIPUN Status, Ghaziabad Records Sharp Drop",https://www.ndtv.com/education/only-29-of-noida-schools-achieve-nipun-status-ghaziabad-records-sharp-decline-11241686,2026-03-20T10:48:14+00:00
NDTV,most_read,11,"Iran Officer Said Missile ""Surprise"" Coming For Israel. He Died Soon After",https://www.ndtv.com/world-news/iran-war-news-iran-officer-said-missile-surprise-coming-for-israel-he-died-soon-after-11242371,2026-03-20T10:48:14+00:00
NDTV,most_read,12,Qatar's LNG Exports Disrupted For 5 Years In Iran War: These Nations Impacted,https://www.ndtv.com/world-news/iran-war-news-qatars-17-lng-exports-disrupted-in-iran-attacks-these-nations-impacted-11241053,2026-03-20T10:48:14+00:00
NDTV,most_read,13,F-35 Hit Over Iran? Hi-Tech Solution To Low-Tech Problem Likely Backfired,https://www.ndtv.com/world-news/iran-us-war-explained-chinks-in-f-35-stealth-jet-armour-that-iran-likely-exploited-11241627,2026-03-20T10:48:14+00:00
NDTV,most_read,14,The Luxury Life Of British Expats In Dubai Faces A Reality Check,https://www.ndtv.com/world-news/us-israel-iran-war-the-luxury-life-of-british-expats-in-dubai-faces-a-reality-check-11242110,2026-03-20T10:48:14+00:00
NDTV,most_read,15,The Myth Of Stealth: Iran Puts US' Prized F-35's Name To The Test,https://www.ndtv.com/world-news/f-35-hit-by-iranian-fire-the-real-secrets-of-stealth-in-military-aviation-11241417,2026-03-20T10:48:14+00:00
NDTV,most_read,16,"LIVE: ""Iran Still Building Missiles,"" Tehran Rejects Netanyahu's Charge",https://www.ndtv.com/world-news/us-israel-iran-war-live-updates-iran-strikes-qatar-ras-laffan-lng-gulf-energy-sites-south-pars-oil-prices-strait-hormuz-iran-targets-gulf-energy-sites-11235957,2026-03-20T10:48:14+00:00
NDTV,most_read,17,"Texas Girl Dies Doing Blackout Social Media Challenge, Parents Issue Warning",https://www.ndtv.com/world-news/texas-girl-9-dies-doing-blackout-social-media-challenge-parents-issue-warning-check-on-your-child-11242314,2026-03-20T10:48:14+00:00
NDTV,most_read,18,Passenger Gets Scammed At Delhi Airport After Ignoring CISF's Advice,https://www.ndtv.com/offbeat/passenger-ignores-cisfs-advice-gets-scammed-travelling-from-t3-to-t2-at-delhi-airport-lesson-learned-11241009,2026-03-20T10:48:14+00:00
NDTV,most_read,19,Netanyahu Says Israel Will Stop Attacks On Iranian Gas Field,https://www.ndtv.com/world-news/iran-war-benjamin-netanyahu-says-israel-will-stop-attacks-on-iranian-gas-field-11240574,2026-03-20T10:48:14+00:00
NDTV,most_read,20,"Israeli Officials Reject Trump's ""Knew Nothing"" Claim On South Pars Attack",https://www.ndtv.com/world-news/us-israel-iran-war-donald-trump-us-knew-about-attack-on-irans-south-pars-gas-field-israeli-officials-claim-report-11241537,2026-03-20T10:48:14+00:00
NDTV,most_read,21,The Theories Behind Why Pak's Rumoured Ballistic Missile Worries US,https://www.ndtv.com/world-news/the-theories-behind-why-pakistan-rumoured-ballistic-missile-worries-us-11241257,2026-03-20T10:48:14+00:00
NDTV,most_read,22,"5-Star Chef During Day, Thief At Night: How Cops Arrested Delhi Man",https://www.ndtv.com/india-news/5-star-chef-during-day-thief-at-night-how-delhi-cops-arrested-delhi-man-11242201,2026-03-20T10:48:14+00:00
NDTV,most_read,23,"Australia PM Asked To ""Get Out"", Heckled At Mosque For Supporting Israel",https://www.ndtv.com/world-news/australia-prime-minister-anthony-albanese-asked-to-get-out-heckled-at-mosque-for-supporting-israel-11241561,2026-03-20T10:48:14+00:00
NDTV,most_read,24,"A 1,000-Km Rain Band Is Bringing Storms In India, Pakistan, Afghanistan",https://www.ndtv.com/india-news/a-1-000-km-rain-band-is-bringing-storms-in-india-pakistan-afghanistan-rainfall-in-delhi-ncr-delhi-rains-11241843,2026-03-20T10:48:14+00:00
NDTV,most_read,25,"Hidden Cameras, 58 Women: Nashik Astrologer And His Farmhouse Of Secrets",https://www.ndtv.com/india-news/ashok-karat-captain-influential-astrologer-67-arrested-for-repeatedly-raping-35-year-old-woman-11238108,2026-03-20T10:48:14+00:00
NDTV,most_read,26,"Mumbai Man Offers To Hear Problems For Rs 1,000 On Beach, Internet Divided",https://www.ndtv.com/offbeat/mumbai-man-offers-to-hear-problems-for-rs-1-000-on-beach-internet-divided-11242835,2026-03-20T10:48:14+00:00
NDTV,most_read,27,"On Camera, Car Rams Bike In Gujarat's Vadodara, Biker Falls 10 Feet Away",https://www.ndtv.com/india-news/on-camera-car-rams-bike-in-gujarats-vadodara-biker-falls-10-feet-away-11240390,2026-03-20T10:48:14+00:00
NDTV,most_read,28,"Sneha Ullal Recalls Meeting Aishwarya Rai, Speaks About Salman Khan's Behaviour On Lucky Set",https://www.ndtv.com/entertainment/sneha-ullal-recalls-meeting-aishwarya-rai-speaks-about-salman-khans-behaviour-on-lucky-set-11226149,2026-03-20T10:48:14+00:00
NDTV,most_read,29,Karnataka Veterinarian Dies After Hippo Attack During Routine Check,https://www.ndtv.com/bangalore-news/karnataka-veterinarian-dies-after-hippo-attack-during-routine-check-11242192,2026-03-20T10:48:14+00:00
NDTV,most_read,30,"Kangana Ranaut Reacts To Sara Ali Khan's Badrinath, Kedarnath Row: ""Why Does She Have A Problem?""",https://www.ndtv.com/entertainment/kangana-ranaut-reacts-to-sara-ali-khans-badrinath-kedarnath-row-why-does-she-have-a-problem-11233172,2026-03-20T10:48:14+00:00
NDTV,most_read,31,Assam BJP Candidate List,https://www.ndtv.com/india-news/bjp-candidate-list-looks-balanced-in-assam-but-allies-have-to-catch-up-11240507,2026-03-20T10:48:14+00:00
NDTV,most_read,32,"Congress, Raijor Dal Finalise Assam Polls Alliance",https://www.ndtv.com/india-news/congress-raijor-dal-finalise-assam-polls-alliance-after-several-deadlocks-11240382,2026-03-20T10:48:14+00:00
NDTV,trending,1,Three 'Fatal' Assumptions That Have Derailed Trump's Iran War,https://www.ndtv.com/opinion/iran-israel-war-three-fatal-assumptions-that-have-derailed-trumps-iran-war-11242740,2026-03-20T10:48:14+00:00
NDTV,trending,2,"Premium Petrol Price Up By Rs 2, Cost Of Normal Petrol Stays Unchanged",https://www.ndtv.com/india-news/power-petrol-price-up-by-rs-2-price-of-normal-petrol-remains-unchanged-11242586,2026-03-20T10:48:14+00:00
NDTV,trending,3,"Maharashtra Official Seen In Pics With Rape-Accused Astrologer, Row Erupts",https://www.ndtv.com/india-news/ashok-kharat-nashik-maharashtra-womens-panel-chief-seen-in-pics-with-rape-accused-astrologer-11242536,2026-03-20T10:48:14+00:00
NDTV,trending,4,'Indirect Yet Palpable': Iran War's Impact On Real Estate In Mumbai,https://www.ndtv.com/india-news/indirect-yet-palpable-iran-wars-impact-on-real-estate-in-mumbai-11242516,2026-03-20T10:48:14+00:00
NDTV,trending,5,"Eid ul Fitr LIVE: Celebrations In Saudi Arabia, UAE Dampened By Iran War",https://www.ndtv.com/world-news/eid-al-fitr-2026-live-updates-moon-sighting-date-time-moonrise-date-and-timings-in-saudi-arabia-uae-india-eid-timings-in-india-iran-war-middle-east-11242400,2026-03-20T10:48:14+00:00
NDTV,trending,6,"CTET February 2026 Result: Scorecard, Final Answer Key Likely To Be Out Soon",https://www.ndtv.com/education/ctet-february-2026-result-scorecard-final-answer-key-likely-to-be-released-soon-details-here-11242594,2026-03-20T10:48:14+00:00
NDTV,trending,7,"Rajasthan Board Class 10 Result 2026: Check Official Websites, Direct Link Here",https://www.ndtv.com/education/rajasthan-board-class-10-result-2026-check-official-websites-direct-link-to-download-here-11242327,2026-03-20T10:48:14+00:00
NDTV,trending,8,"SSC CHSL Tier 1 Result 2025: Scorecard, Final Answer Key Out, Download Here",https://www.ndtv.com/education/ssc-chsl-tier-1-result-2025-scorecard-final-answer-key-response-sheet-out-download-here-11242085,2026-03-20T10:48:14+00:00
NDTV,trending,9,"Rajasthan Class 10 Result: Will It Be Declared Along With 5th, 8th Results",https://www.ndtv.com/education/rbse-rajasthan-class-10-result-2026-will-it-be-declared-along-with-5th-and-8th-results-11241929,2026-03-20T10:48:14+00:00
NDTV,trending,10,"Only 29% Of Noida Schools Achieve NIPUN Status, Ghaziabad Records Sharp Drop",https://www.ndtv.com/education/only-29-of-noida-schools-achieve-nipun-status-ghaziabad-records-sharp-decline-11241686,2026-03-20T10:48:14+00:00
NDTV,trending,11,"Iran Officer Said Missile ""Surprise"" Coming For Israel. He Died Soon After",https://www.ndtv.com/world-news/iran-war-news-iran-officer-said-missile-surprise-coming-for-israel-he-died-soon-after-11242371,2026-03-20T10:48:14+00:00
NDTV,trending,12,Shobhaa De Reviews Dhurandhar 2 : 'Arjun Rampal Chewed Up Ranveer Singh',https://www.ndtv.com/entertainment/shobhaa-de-reviews-dhurandhar-2-arjun-rampal-chewed-up-ranveer-singh-akshaye-khanna-was-so-missed-11241650,2026-03-20T10:48:14+00:00
NDTV,trending,13,Qatar's LNG Exports Disrupted For 5 Years In Iran War: These Nations Impacted,https://www.ndtv.com/world-news/iran-war-news-qatars-17-lng-exports-disrupted-in-iran-attacks-these-nations-impacted-11241053,2026-03-20T10:48:14+00:00
NDTV,trending,14,F-35 Hit Over Iran? Hi-Tech Solution To Low-Tech Problem Likely Backfired,https://www.ndtv.com/world-news/iran-us-war-explained-chinks-in-f-35-stealth-jet-armour-that-iran-likely-exploited-11241627,2026-03-20T10:48:14+00:00
NDTV,trending,15,The Luxury Life Of British Expats In Dubai Faces A Reality Check,https://www.ndtv.com/world-news/us-israel-iran-war-the-luxury-life-of-british-expats-in-dubai-faces-a-reality-check-11242110,2026-03-20T10:48:14+00:00
NDTV,trending,16,The Myth Of Stealth: Iran Puts US' Prized F-35's Name To The Test,https://www.ndtv.com/world-news/f-35-hit-by-iranian-fire-the-real-secrets-of-stealth-in-military-aviation-11241417,2026-03-20T10:48:14+00:00
NDTV,trending,17,"LIVE: ""Iran Still Building Missiles,"" Tehran Rejects Netanyahu's Charge",https://www.ndtv.com/world-news/us-israel-iran-war-live-updates-iran-strikes-qatar-ras-laffan-lng-gulf-energy-sites-south-pars-oil-prices-strait-hormuz-iran-targets-gulf-energy-sites-11235957,2026-03-20T10:48:14+00:00
NDTV,trending,18,"Texas Girl Dies Doing Blackout Social Media Challenge, Parents Issue Warning",https://www.ndtv.com/world-news/texas-girl-9-dies-doing-blackout-social-media-challenge-parents-issue-warning-check-on-your-child-11242314,2026-03-20T10:48:14+00:00
NDTV,trending,19,Ram Gopal Varma Calls Dhurandhar 2 'A Horror' In Brand-New Review,https://www.ndtv.com/entertainment/ram-gopal-varma-calls-dhurandhar-2-a-horror-in-brand-new-review-11241902,2026-03-20T10:48:14+00:00
NDTV,trending,20,"Box Office: Ranveer Singh's Dhurandhar 2 Sweeps Clean Century, 4x Dhurandhar",https://www.ndtv.com/entertainment/dhurandhar-2-box-office-collection-day-1-ranveer-singh-film-sweeps-clean-century-4x-dhurandhar-11241255,2026-03-20T10:48:14+00:00
NDTV,trending,21,Passenger Gets Scammed At Delhi Airport After Ignoring CISF's Advice,https://www.ndtv.com/offbeat/passenger-ignores-cisfs-advice-gets-scammed-travelling-from-t3-to-t2-at-delhi-airport-lesson-learned-11241009,2026-03-20T10:48:14+00:00
NDTV,trending,22,Arijit Singh's Dhurandhar 2 Song Leaves Fans In Tears,https://www.ndtv.com/entertainment/after-arijit-singh-quit-playback-singing-his-new-dhurandhar-2-track-leaves-fans-in-tears-11241893,2026-03-20T10:48:14+00:00
NDTV,trending,23,Netanyahu Says Israel Will Stop Attacks On Iranian Gas Field,https://www.ndtv.com/world-news/iran-war-benjamin-netanyahu-says-israel-will-stop-attacks-on-iranian-gas-field-11240574,2026-03-20T10:48:14+00:00
NDTV,trending,24,"Israeli Officials Reject Trump's ""Knew Nothing"" Claim On South Pars Attack",https://www.ndtv.com/world-news/us-israel-iran-war-donald-trump-us-knew-about-attack-on-irans-south-pars-gas-field-israeli-officials-claim-report-11241537,2026-03-20T10:48:14+00:00
NDTV,trending,25,"Grief-Stricken After Death Of Pet Cat, Hyderabad Woman, 20, Dies By Suicide",https://www.ndtv.com/india-news/grief-stricken-after-death-of-pet-cat-hyderabad-woman-20-dies-by-suicide-11239033,2026-03-20T10:48:14+00:00
NDTV,trending,26,"Jeffrey Epstein Lookalike Breaks Silence: ""I'm Not Him, I'm Palm Beach Pete""",https://www.ndtv.com/offbeat/jeffrey-epstein-lookalike-breaks-silence-im-not-him-im-palm-beach-pete-11242567,2026-03-20T10:48:14+00:00
NDTV,trending,27,"Aamir Khan Celebrates 61st Birthday With Girlfriend Gauri Spratt, Ex-Wives Reena Dutta And Kiran Rao",https://www.ndtv.com/entertainment/aamir-khan-celebrates-61st-birthday-with-girlfriend-gauri-spratt-ex-wives-reena-dutta-and-kiran-rao-11217483,2026-03-20T10:48:14+00:00
NDTV,trending,28,"Kangana Ranaut Reacts To Sara Ali Khan's Badrinath, Kedarnath Row: ""Why Does She Have A Problem?""",https://www.ndtv.com/entertainment/kangana-ranaut-reacts-to-sara-ali-khans-badrinath-kedarnath-row-why-does-she-have-a-problem-11233172,2026-03-20T10:48:14+00:00
NDTV,trending,29,"Sneha Ullal Recalls Meeting Aishwarya Rai, Speaks About Salman Khan's Behaviour On Lucky Set",https://www.ndtv.com/entertainment/sneha-ullal-recalls-meeting-aishwarya-rai-speaks-about-salman-khans-behaviour-on-lucky-set-11226149,2026-03-20T10:48:14+00:00
NDTV,trending,30,Assam BJP Candidate List,https://www.ndtv.com/india-news/bjp-candidate-list-looks-balanced-in-assam-but-allies-have-to-catch-up-11240507,2026-03-20T10:48:14+00:00
NDTV,trending,31,"Congress, Raijor Dal Finalise Assam Polls Alliance",https://www.ndtv.com/india-news/congress-raijor-dal-finalise-assam-polls-alliance-after-several-deadlocks-11240382,2026-03-20T10:48:14+00:00
India Today,trending,1,Kolkata man throws rocks at cops' car by mistake. Watch what happened next,https://www.indiatoday.in/trending-news/story/kolkata-man-throws-rocks-at-cops-car-by-mistake-watch-what-happened-next-2884731-2026-03-20,2026-03-20T10:48:14+00:00
India Today,trending,2,"Terrifying moment fodder-laden truck sways, overturns on highway in Madhya Pradesh",https://www.indiatoday.in/trending-news/story/madhya-pradesh-terrifying-moment-fodder-laden-truck-sways-overturns-rajgarh-highway-video-2884690-2026-03-20,2026-03-20T10:48:14+00:00
India Today,trending,3,Man casually eats popcorn while watching fans fight outside Dhurandhar 2 theatre,https://www.indiatoday.in/trending-news/story/man-casually-eats-popcorn-while-watching-fans-fight-outside-dhurandhar-2-theatre-2884601-2026-03-20,2026-03-20T10:48:14+00:00
India Today,trending,4,"Delhi man 'scammed' by cab driver at airport, pays Rs 550 for T3-T2 ride",https://www.indiatoday.in/trending-news/story/delhi-man-scammed-by-cab-driver-at-airport-pays-rs-550-for-t3-to-t2-ride-2884616-2026-03-20,2026-03-20T10:48:14+00:00
India Today,trending,5,Gurgaon society displays names of residents with pending dues on board at main gate,https://www.indiatoday.in/trending-news/story/gurgaon-society-displays-names-of-residents-with-pending-dues-on-board-at-main-gate-2884565-2026-03-20,2026-03-20T10:48:14+00:00
India Today,trending,6,I'm not Jeffrey Epstein: Florida man reacts after viral lookalike video,https://www.indiatoday.in/trending-news/story/i-am-not-jeffrey-epstein-florida-man-reacts-after-viral-lookalike-video-2884547-2026-03-20,2026-03-20T10:48:14+00:00
India Today,trending,7,"North Korea's Kim Jong Un scores near-perfect election win, memes follow",https://www.indiatoday.in/trending-news/story/north-koreas-kim-jong-un-scores-near-perfect-election-win-memes-follow-2884372-2026-03-19,2026-03-20T10:48:14+00:00
India Today,trending,8,"Lebanese artist plays the cello in war-torn Beirut, internet calls it haunting",https://www.indiatoday.in/trending-news/story/lebanese-artist-plays-the-cello-in-war-torn-beirut-amid-iranian-missile-strikes-internet-calls-it-haunting-2884359-2026-03-19,2026-03-20T10:48:14+00:00
India Today,trending,9,US woman gets ready to celebrate her 96th birthday with viral 'I feel 26' video,https://www.indiatoday.in/trending-news/story/us-woman-gets-ready-to-celebrate-her-96th-birthday-with-viral-i-feel-26-video-2884195-2026-03-19,2026-03-20T10:48:14+00:00
India Today,trending,10,"Delhi man catches woman stealing red-handed, confronts her in crowded market",https://www.indiatoday.in/trending-news/story/delhi-man-catches-woman-stealing-red-handed-confronts-her-in-crowded-market-2884153-2026-03-19,2026-03-20T10:48:14+00:00
India Today,trending,11,This Mumbai woman said she's a 'stay-at-home daughter'. Here's what she means,https://www.indiatoday.in/trending-news/story/this-mumbai-woman-said-shes-a-stay-at-home-daughter-heres-what-she-means-2884123-2026-03-19,2026-03-20T10:48:14+00:00
India Today,trending,12,"Viewers think this 'bird orchestra' from Tamil Nadu is AI. But, it's super real",https://www.indiatoday.in/trending-news/story/viewers-think-this-bird-orchestra-video-from-tamil-nadu-is-ai-but-it-is-super-real-2884105-2026-03-19,2026-03-20T10:48:14+00:00
India Today,trending,13,"This 'futuristic' Maharashtra village has water ATMs, clean streets and even a gym",https://www.indiatoday.in/trending-news/story/adachiwadi-futuristicmaharashtra-village-has-water-atms-clean-streets-and-even-a-gym-2884073-2026-03-19,2026-03-20T10:48:14+00:00
India Today,trending,14,Woman's London Tube ride leads to a Bengaluru Metro realisation. See post,https://www.indiatoday.in/trending-news/story/woman-london-tube-ride-leads-to-a-bengaluru-metro-realisation-see-post-2884047-2026-03-19,2026-03-20T10:48:14+00:00
India Today,trending,15,"Techie's 'Gas gone, heat rod on' hack to cook food goes viral amid LPG crisis",https://www.indiatoday.in/trending-news/story/techies-gas-gone-heat-rod-on-hack-to-cook-food-goes-viral-amid-lpg-crisis-2884021-2026-03-19,2026-03-20T10:48:14+00:00
India Today,trending,16,Man shares 'flight-like' services in Vande Bharat sleeper train. Video goes viral,https://www.indiatoday.in/trending-news/story/man-shares-flight-like-services-in-vande-bharat-sleeper-train-video-goes-viral-2883873-2026-03-18,2026-03-20T10:48:14+00:00
India Today,trending,17,"Passenger finds AC vents sealed with tape in Mumbai-Ujjain train, records video",https://www.indiatoday.in/trending-news/story/passenger-finds-ac-vents-sealed-with-tape-in-mumbai-ujjain-train-records-video-2883859-2026-03-18,2026-03-20T10:48:14+00:00
India Today,trending,18,Delhi metro turns workplace for man after manager's call. Post goes viral,https://www.indiatoday.in/trending-news/story/delhi-metro-turns-workplace-for-man-after-managers-call-post-goes-viral-2883839-2026-03-18,2026-03-20T10:48:14+00:00
India Today,trending,19,Parents wave at CCTV camera every day to check on daughter living away from home,https://www.indiatoday.in/trending-news/story/parents-wave-at-cctv-camera-every-day-to-check-on-daughter-living-away-from-home-2883813-2026-03-18,2026-03-20T10:48:14+00:00
India Today,trending,20,Indian man's video of 'F1 car pooja' is where speed meets sanskaar,https://www.indiatoday.in/trending-news/story/indian-mans-video-of-f1-car-pooja-is-where-speed-meets-sanskaar-2883810-2026-03-18,2026-03-20T10:48:14+00:00
India Today,trending,21,"Shobhaa De reviews Dhurandhar 2: Arjun Rampal chewed up everyone, including Ranveer",https://www.indiatoday.in/movies/celebrities/story/shobhaa-de-reviews-dhurandhar-2-arjun-rampal-chewed-up-everyone-including-ranveer-singh-2884769-2026-03-20,2026-03-20T10:48:14+00:00
India Today,trending,22,Craving biryani this Eid? These 7 cities serve the best in India,https://www.indiatoday.in/information/story/craving-biryani-this-eid-these-7-cities-serve-the-best-in-india-2884786-2026-03-20,2026-03-20T10:48:14+00:00
India Today,trending,23,"Drone and doctrine: How Iran is able to counter-attack at time, place of choosing",https://www.indiatoday.in/world/story/shahed-drone-mosaic-defence-iran-israel-us-war-conflict-gulf-oil-refineries-counter-attack-2884681-2026-03-20,2026-03-20T10:48:14+00:00
India Today,trending,24,"Drunk man urinates on woman from auto, mob beats him to death in Chennai",https://www.indiatoday.in/india/story/chennai-man-beaten-to-death-by-mob-after-allegedly-urinating-on-woman-near-broadway-2881732-2026-03-14,2026-03-20T10:48:14+00:00
India Today,trending,25,Kangana Ranaut on Nora Fatehi song: Bollywood has crossed all limits of vulgarity,https://www.indiatoday.in/movies/celebrities/story/kangana-ranaut-on-nora-fatehi-song-row-bollywood-has-crossed-all-limits-with-vulgarity-2883229-2026-03-17,2026-03-20T10:48:14+00:00
India Today,trending,26,"What have you done, friend shouts after filming Delhi man shoot himself",https://www.indiatoday.in/cities/delhi/story/delhi-man-shoots-chest-friend-video-new-ashok-nagar-pawan-2882992-2026-03-17,2026-03-20T10:48:14+00:00
India Today,most_read,1,IND vs SA: Deepak Chahar likely to be ruled out of last 2 ODIs due to injury,https://www.indiatoday.in/sports/cricket/story/india-vs-south-africa-deepak-chahar-likely-to-be-ruled-out-of-last-2-odis-due-to-injury-2009550-2022-10-07,2026-03-20T10:48:14+00:00
India Today,most_read,2,Manchester City fined over pitch invasion to celebrate Premier League title win,https://www.indiatoday.in/sports/football/story/manchester-city-fined-by-fa-over-pitch-invasion-to-celebrate-premier-league-title-win-2009534-2022-10-07,2026-03-20T10:48:14+00:00
India Today,most_read,3,Chelsea manager Potter on first month in charge: We have made little bit of progress,https://www.indiatoday.in/sports/football/story/chelsea-manager-graham-potter-on-first-month-in-charge-we-have-made-little-bit-of-progress-2009531-2022-10-07,2026-03-20T10:48:14+00:00
India Today,most_read,4,'Travesty of justice’: Experts criticise errors in UN report on forced disappearances in Bangladesh,https://www.indiatoday.in/world/story/experts-criticise-error-un-report-on-forced-disappearances-in-bangladesh-2007495-2022-10-02,2026-03-20T10:48:14+00:00
India Today,most_read,5,"Fact Check: No alcohol, homosexuality? Conservative guidelines for FIFA World Cup NOT issued by Qatar govt",https://www.indiatoday.in/fact-check/story/fifa-world-cup-guidelines-fact-check-no-alcohol-homosexuality-conservative-guidelines-for-football-world-cup-not-issued-by-qatar-govt-2009495-2022-10-07,2026-03-20T10:48:14+00:00
India Today,most_read,6,"KGF star Yash meets F1 legend Lewis Hamilton, See pic",https://www.indiatoday.in/movies/regional-cinema/story/kgf-star-yash-meets-f1-legend-lewis-hamilton-see-pic-2009525-2022-10-07,2026-03-20T10:48:14+00:00
India Today,most_read,7,"IND vs PAK: Match against India brings out the best in Nida Dar, says Sana Mir",https://www.indiatoday.in/sports/cricket/story/india-vs-pakistan-match-against-india-brings-out-the-best-in-nida-dar-says-sana-mir-2009523-2022-10-07,2026-03-20T10:48:14+00:00
India Today,most_read,8,Women's Asia Cup: India coach Powar defends batting-order reshuffle in Pakistan loss,https://www.indiatoday.in/sports/cricket/story/women-s-asia-cup-india-coach-ramesh-powar-defends-batting-order-reshuffle-in-pakistan-defeat-2009522-2022-10-07,2026-03-20T10:48:14+00:00
India Today,most_read,9,"Gauri Sawant reacts to Sushmita Sen playing her in Taali, recalls their first meeting",https://www.indiatoday.in/entertainment/ott/story/gauri-sawant-reacts-to-sushmita-sen-playing-her-in-taali-recalls-their-first-meeting-2009520-2022-10-07,2026-03-20T10:48:14+00:00
India Today,most_read,10,"'We're all shattered': Loved ones, community hold vigil for slain Sikh family in US",https://www.indiatoday.in/india/story/community-loved-ones-hold-vigil-sikh-family-murder-us-merced-city-2009515-2022-10-07,2026-03-20T10:48:14+00:00
India Today,most_read,11,Richa Chadha wears dainty Bvlgari mangalsutra in stunning pics with husband Ali Fazal. Here’s the price,https://www.indiatoday.in/lifestyle/fashion/story/richa-chadha-wears-dainty-bvlgari-mangalsutra-in-stunning-pics-with-husband-ali-fazal-here-s-the-price-2009509-2022-10-07,2026-03-20T10:48:14+00:00
India Today,most_read,12,"What to watch on Netflix, Disney+ Hotstar and Amazon Prime Video this weekend",https://www.indiatoday.in/entertainment/ott/story/what-to-watch-on-netflix-disney-hotstar-and-amazon-prime-video-this-weekend-2009510-2022-10-07,2026-03-20T10:48:14+00:00
India Today,most_read,13,Karnataka govt to hike SC/ST reservation,https://www.indiatoday.in/india/story/karnataka-hike-sc-st-reservation-quota-justice-nagamohan-das-committee-report-2009505-2022-10-07,2026-03-20T10:48:14+00:00
India Today,most_read,14,"Delhi civic body identifies 250 mosquito breeding hotspots, launches drive",https://www.indiatoday.in/cities/delhi/story/delhi-civic-body-identifies-mosquito-breeding-hotspots-launches-drive-2009508-2022-10-07,2026-03-20T10:48:14+00:00
India Today,most_read,15,"Your weekly news quiz, October 7 | Play on",https://www.indiatoday.in/india/story/your-weekly-news-quiz-october-7-play-on-2009506-2022-10-07,2026-03-20T10:48:14+00:00
India Today,most_read,16,"Salman Khan was on Mohali RPG attacker's hitlist, says Delhi Police",https://www.indiatoday.in/india/story/delhi-police-arrest-mohali-rpg-attacker-salman-khan-was-on-hit-list-2009502-2022-10-07,2026-03-20T10:48:14+00:00
India Today,most_read,17,"Iran denies security forces killed 16-year-old, says she fell off roof",https://www.indiatoday.in/world/story/iran-security-forces-16-year-old-killed-protest-on-death-of-woman-in-police-custody-2009503-2022-10-07,2026-03-20T10:48:14+00:00
India Today,most_read,18,"Vande Bharat Express rams into cattle, suffers minor damage; 2nd incident in 2 days",https://www.indiatoday.in/india/story/vande-bharat-express-hits-cattle-suffers-minor-damage-gujarat-2009490-2022-10-07,2026-03-20T10:48:14+00:00
India Today,most_read,19,2 Madhya Pradesh Congress MLAs booked for harassing woman on train,https://www.indiatoday.in/crime/story/2-madhya-pradesh-congress-mlas-booked-for-harassing-woman-on-train-2009441-2022-10-07,2026-03-20T10:48:14+00:00
India Today,most_read,20,Rashmika Mandanna has no regrets for not being able to spend time with her sister. Here's why,https://www.indiatoday.in/movies/regional-cinema/story/rashmika-mandanna-has-no-regrets-for-not-being-able-to-spend-time-with-her-sister-here-s-why-2009492-2022-10-07,2026-03-20T10:48:14+00:00
India Today,most_read,21,Canada's top cop says no foreign interference linked to Indian government right now,https://www.indiatoday.in/world/story/canada-india-reset-ties-police-chief-mike-duheme-no-longer-clandestine-transnational-activities-foreign-interference-khalistani-mark-carney-justin-trudeau-narendra-modi-2884787-2026-03-20,2026-03-20T10:48:14+00:00
India Today,most_read,22,"Keh ke maarunga: Iran named, then targeted assets in Gulf, humiliated US",https://www.indiatoday.in/world/story/iran-named-targeted-assets-in-gulf-exposed-us-defences-america-middle-east-crisis-2884745-2026-03-20,2026-03-20T10:48:14+00:00
India Today,most_read,23,"Tom Latham, bowlers script New Zealand’s record T20I win against South Africa",https://www.indiatoday.in/sports/cricket/story/new-zealand-beat-south-africa-eight-wickets-third-t20i-eden-park-2884790-2026-03-20,2026-03-20T10:48:14+00:00
India Today,most_read,24,Exclusive: Prashant Tamang's death delays Salman Khan's Maatrubhumi release,https://www.indiatoday.in/movies/bollywood/story/prashant-tamang-death-delays-salman-khan-maatrubhumi-release-2884683-2026-03-20,2026-03-20T10:48:14+00:00
India Today,most_read,25,"What have you done, friend shouts after filming Delhi man shoot himself",https://www.indiatoday.in/cities/delhi/story/delhi-man-shoots-chest-friend-video-new-ashok-nagar-pawan-2882992-2026-03-17,2026-03-20T10:48:14+00:00
India Today,most_read,26,"Men lured, held hostage, then robbed: Dating app racket busted in Lucknow",https://www.indiatoday.in/india/story/men-lured-held-hostage-then-robbed-dating-app-racket-busted-in-lucknow-2884707-2026-03-20,2026-03-20T10:48:14+00:00
India Today,most_read,27,Strait of Hormuz and the 'death route': What a Merchant Navy officer saw,https://www.indiatoday.in/information/story/merchant-navy-officer-explains-what-the-strait-of-hormuz-route-is-really-like-2881584-2026-03-13,2026-03-20T10:48:14+00:00
India Today,most_read,28,Kangana Ranaut on Nora Fatehi song: Bollywood has crossed all limits of vulgarity,https://www.indiatoday.in/movies/celebrities/story/kangana-ranaut-on-nora-fatehi-song-row-bollywood-has-crossed-all-limits-with-vulgarity-2883229-2026-03-17,2026-03-20T10:48:14+00:00
India Today,most_read,29,Eid 2026 Moon Sighting Live,https://www.indiatoday.in/information/story/eid-ul-fitr-2026-moon-sighting-live-updates-chand-raat-timings-in-india-city-wise-2884015-2026-03-19,2026-03-20T10:48:14+00:00
